course_code,course_name,material_type,material_title,material_link,description,keywords
CSE 1100,Computer Fundamentals and Ethics,Slide,Slides on Computer Ethics,https://drive.google.com/drive/folders/15DL8wwgKBuUPMvYnyOMGd5cDdYEyR65Z,"Provides fundamental knowledge of computer science, including an overview of hardware, software, and essential computing concepts that build the foundation for advanced courses.","Intorduction, CSE, Software, Hardware"
CSE 1101,Structured Programming,Slide,Slide on C Programming,https://drive.google.com/drive/folders/1L0zNT3RjlYrqAfEBUthnRLJxExi4uojd,"Gives basic idea of programming using variables, loops, and functions for simple problem solving.","C Programming, loops, array, string, pointer, slide"
CSE 1101,Structured Programming,Book,C Programming Books,https://drive.google.com/drive/folders/1341-HaTJqMHqLl8NjeSYo4HGbfxXyROh,"Gives basic idea of programming using variables, loops, and functions for simple problem solving.","C Programming, loops, array, string, pointer, book"
CSE 1101,Structured Programming,Video,Video on C Programming,https://www.youtube.com/watch?v=-epx4dSNWOw&list=PLgH5QX0i9K3pCMBZcul1fta6UivHDbXvz,"Gives basic idea of programming using variables, loops, and functions for simple problem solving.","C Programming, loops, array, string, pointer, book"
CSE 1102,Structured Programming Sessional,Lab Manual,Lab Manual C Programming,https://drive.google.com/drive/folders/155wpxjaw2DjbjM-3IO_3ZCqHPb0mZPq4,"Gives basic idea of programming using variables, loops, and functions for simple problem solving.","C Programming, loops, array, string, pointer, book"
EEE 1151,Basic Electrical Engineering,Note,Notes on Basic Electrical Engineering,https://drive.google.com/drive/folders/1mM8bWbv_0TyHrNOus4Xtdv5FvSuvecDy,Provides basic understanding of electrical and electronic engineering concepts and components.,"eee, circuit, ohms law, superposition theorem, ac circuit"
EEE 1151,Basic Electrical Engineering,Book,Books on Basic Electrical Engineering,https://drive.google.com/drive/folders/1u8VIXH1pzxKT9Rwxu1SiepUofokOL8UR,Provides basic understanding of electrical and electronic engineering concepts and components.,"eee, circuit, ohms law, superposition theorem, ac circuit"
EEE 1151,Basic Electrical Engineering,Video, video on Basic Electrical Engineering,https://www.youtube.com/watch?v=-V87ANqaHD4&list=PL9RcWoqXmzaLTYUdnzKhF4bYug3GjGcEc,Provides basic understanding of electrical and electronic engineering concepts and components.,"eee, circuit, ohms law, superposition theorem, ac circuit"
EEE 1152,Basic Electrical Engineering Sessional,Lab Manual,Lab Materials on Basic Electrical Engineering,https://drive.google.com/drive/folders/1LYKTGE2eUOYF1_OGcw9ZJG5IBjpHocZV,Provides basic understanding of electrical and electronic engineering concepts and components.,"eee, circuit, ohms law, superposition theorem, ac circuit"
Math 1113,Differential and Itegral Calculus,Note,Notes on Calculus,https://drive.google.com/drive/folders/14W5FZp9lY4jhoHIX80855-LbiJFaAnGG,"Covers key concepts of differential and integral calculus with focus on limits, derivatives, and integration techniques.","calculus, integration, differentiation"
Math 1113,Differential and Itegral Calculus,Book,Books on Integral and Differential Calculus,https://drive.google.com/drive/folders/123wTZxjC9e3SCF6M6QWUos-CVzokV-Z_,"Covers key concepts of differential and integral calculus with focus on limits, derivatives, and integration techniques.","calculus, integration, differentiation"
Math 1113,Differential and Itegral Calculus,Video,Video on C Differential and Integral Calculas,https://www.youtube.com/watch?v=-6RerbAHWDw&list=PLU6SqdYcYsfIJRl8mo2Rv1MpdvmVD0YyI,"Covers key concepts of differential and integral calculus with focus on limits, derivatives, and integration techniques.","calculus, integration, differentiation"
Hum 1113,Functional English,Slide,Slides on Functional English,https://drive.google.com/drive/folders/14f0zmoxb9933edXh1UND9-rogCyw8VjC,"Focuses on grammar, reading, writing, and professional communication skills for academic and workplace contexts.","grammer,english,reading,speaking,writing"
Hum 1113,Functional English,Book,Book on Functional English,https://drive.google.com/drive/folders/1po8utg6j2OkVF4e35vEsyp8DAFUCA7sG,"Focuses on grammar, reading, writing, and professional communication skills for academic and workplace contexts.","grammer,english,reading,speaking,writing"
Hum 1113,Functional English,Video,Video on Functional English,https://www.youtube.com/watch?v=2CILRMaV118&list=PLCMINDMTXXry_3dHiRHZzG9EJE2gX92bu,"Focuses on grammar, reading, writing, and professional communication skills for academic and workplace contexts.","grammer,english,reading,speaking,writing"
Hum 1114,Functional English Sessional,Lab Manual,Book on Functional English Sessional,https://drive.google.com/drive/folders/1po8utg6j2OkVF4e35vEsyp8DAFUCA7sG,"Focuses on grammar, reading, writing, and professional communication skills for academic and workplace contexts.","grammer,english,lab,sessional,reading,speaking,writing"
Chem 1113,Inorganic and Physical Chemistry,Book,Book on Chemistry,https://drive.google.com/drive/folders/17Qvp9iHXcqm0X-Fo8QQoeFE5uaTfM4-x,"Provides understanding of inorganic and physical chemistry concepts including atomic structure, bonding, and chemical reactions.","chemistry, inorganic, physical chemistry"
Chem 1113,Inorganic and Physical Chemistry,Note,Note on Chemistry,https://drive.google.com/drive/folders/1n4_NI3KdPrHMpN5CyITpHs1F9LocdB-y,"Provides understanding of inorganic and physical chemistry concepts including atomic structure, bonding, and chemical reactions.","chemistry, inorganic, physical chemistry"
Chem 1113,Inorganic and Physical Chemistry,Slide,Slide on Chemistry,https://drive.google.com/drive/folders/1dRevoIaBMULuuP6fBnXcCJgib-G0-mfV,"Provides understanding of inorganic and physical chemistry concepts including atomic structure, bonding, and chemical reactions.","chemistry, inorganic, physical chemistry"
Chem 1114,Inorganic and Physical Chemistry Sessional,Lab Manual,Lab Manual Chemistry,https://drive.google.com/drive/folders/1c8SmAtTA9dhJBHbcXWV3wZcZq9BXXIFz,"Provides understanding of inorganic and physical chemistry concepts including atomic structure, bonding, and chemical reactions.","chemistry, inorganic, physical chemistry,lab"
CSE 1200,Competitve Programming Sessional,Lab Manual,Lab Manual on CP course,https://drive.google.com/drive/folders/1JfzMmOltVy5APyBM18Y8mdwckCLsxvPL,Introduces competitive programming concepts with problem-solving techniques and algorithmic thinking.,"cp, competitive programming"
CSE  1201,Data Structure,Book,Books on Data Structure,https://drive.google.com/drive/folders/1DKHWVHqoWrxn1uzC8m3Gh-gJZxYwggDF,"Covers fundamental concepts and practical knowledge of data structures, including arrays, linked lists, stacks, queues, trees, graphs, and hashing, with focus on their implementation, usage, and efficiency.","ds, data structure"
CSE  1201,Data Structure,Slide,Slides on Data Structure,https://drive.google.com/drive/folders/1lWl9K9xNz4HyzSRz4aQCjs-I8n2-Nnf_,"Covers fundamental concepts and practical knowledge of data structures, including arrays, linked lists, stacks, queues, trees, graphs, and hashing, with focus on their implementation, usage, and efficiency.","ds, data structure"
CSE  1201,Data Structure,Note,Note on Data Structure,https://drive.google.com/drive/folders/1NBoCfP7fSv2fBzMIel8_Jg9wGJXaTDi0,"Covers fundamental concepts and practical knowledge of data structures, including arrays, linked lists, stacks, queues, trees, graphs, and hashing, with focus on their implementation, usage, and efficiency.","ds, data structure"
CSE 1202,Data Structure Sessional,Lab Manual,Lab Manual on Data Structure,https://drive.google.com/drive/folders/1A1IlSFIciguuq9ofv1jyW9kgxaQEEr9e,"Covers fundamental concepts and practical knowledge of data structures, including arrays, linked lists, stacks, queues, trees, graphs, and hashing, with focus on their implementation, usage, and efficiency.","ds, data structure"
CSE 1203,Object Oriented Programming,Book,Book on Object Oriented Programming,https://drive.google.com/drive/folders/1lnRJrpJPUUG_RLZdetSug7vU8ikULVmP,"Covers object-oriented programming concepts from basic to advanced, including classes, objects, inheritance, polymorphism, encapsulation, abstraction, interfaces, and design principles for writing modular and reusable code.","oop, object oriented programming"
CSE 1203,Object Oriented Programming,Slide,Slide on Object Oriented Programming,https://drive.google.com/drive/folders/1NBiA_kVMfRtxlguzP0myjEyqZlq3wgND,"Covers object-oriented programming concepts from basic to advanced, including classes, objects, inheritance, polymorphism, encapsulation, abstraction, interfaces, and design principles for writing modular and reusable code.","oop, object oriented programming"
CSE 1203,Object Oriented Programming,Video,Video on Object Oriented Programming,https://www.youtube.com/watch?v=-Re7K7mHtv4&list=PLISTUNloqsz0z9JJJke7g7PxRLvy6How9,"Covers object-oriented programming concepts from basic to advanced, including classes, objects, inheritance, polymorphism, encapsulation, abstraction, interfaces, and design principles for writing modular and reusable code.","oop, object oriented programming"
CSE 1204,Object Oriented Programming Sessional,Lab Manual,Lab Manual on Object Oriented Programming,https://drive.google.com/drive/folders/1aEwIO-meIRaKkg7erUeErsQWNWxe0nIP,"Focuses on applying object-oriented programming concepts in practical lab exercises, including designing classes, implementing inheritance and polymorphism, and building real-world projects to reinforce OOP principles.","oop, object oriented programming,lab"
EEE 1251,Electronic Devices and Circuits,Book,Book on Electronic Devices and Circuits,https://drive.google.com/drive/folders/1-bFWcUG0-o12enPIEzDM0eUG1HqQqFrp,"Focuses on the concepts, working principles, and applications of electronic devices, including diodes, transistors, amplifiers, and integrated circuits.","eee, electronic device book"
EEE 1251,Electronic Devices and Circuits,Note,Note on Electronic Devices,https://drive.google.com/drive/folders/1f4eIxPid_rYP9ru2hKt4pRvVEVpA8A7D,"Focuses on the concepts, working principles, and applications of electronic devices, including diodes, transistors, amplifiers, and integrated circuits.","eee, electronic device note"
EEE 1251,Electronic Devices and Circuits,Slide,Slides on Electronic Device,https://drive.google.com/drive/folders/14weeC23S9Flr6TQi60CW8-Ch8Rzq-con,"Focuses on the concepts, working principles, and applications of electronic devices, including diodes, transistors, amplifiers, and integrated circuits.","eee, electronic device slides"
EEE 1252,Electronic Devices and Circuits Sessional,Lab Manual,Lab Manual on Electronic Device,https://drive.google.com/drive/folders/17QQFsq521XeAlHt1rF2Hz6pqShQ9B1JZ,"Focuses on the concepts, working principles, and applications of electronic devices, including diodes, transistors, amplifiers, and integrated circuits.","eee, electronic device lab"
Math1213,Co-ordinate Geometry and Ordinary Differential Equation,Note,Note on Co-oridinate Geometry and Ordinary Differential Equation,https://drive.google.com/drive/folders/125DrLMObXNs2lUVLxMte124Ysla-Yi8d,"Focuses on the concepts and problem-solving techniques of coordinate geometry and differential equations, including curves, slopes, tangents, integration, and solving first- and higher-order differential equations.","math, differential equation,co-ordinate geometry"
Math1213,Co-ordinate Geometry and Ordinary Differential Equation,Book,Book on Co-oridinate Geometry and Ordinary Differential Equation,https://drive.google.com/drive/folders/1FZqUHY0_RzWrHFIdqkk92AptPTAMb3lg,"Focuses on the concepts and problem-solving techniques of coordinate geometry and differential equations, including curves, slopes, tangents, integration, and solving first- and higher-order differential equations.","math, differential equation,co-ordinate geometry"
Math1213,Co-ordinate Geometry and Ordinary Differential Equation,Video,Video on Co-ordinate Geometry and Diffrential Equation,https://www.youtube.com/watch?v=2SvEO5ziLLI&list=PL1uSf0UE5pnFy0Awr2Yhu22WTt5lw1ORv,"Focuses on the concepts and problem-solving techniques of coordinate geometry and differential equations, including curves, slopes, tangents, integration, and solving first- and higher-order differential equations.","math, differential equation,co-ordinate geometry"
Phy 1213 ,Physics,Book,Book on Physics,https://drive.google.com/drive/folders/19HurbFie7dPpo9k2YWv-IwDQeSoVHRfA,"Focuses on fundamental physics concepts, including mechanics, thermodynamics, electromagnetism, optics, and modern physics, with emphasis on understanding principles and solving related problems.","physics,optics,solid state physics"
Phy 1213 ,Physics,Note,Note on Physics,https://drive.google.com/drive/folders/1BJWnbZPYTeJ6h-nm92Sj50ScH7VnUgOT,"Focuses on fundamental physics concepts, including mechanics, thermodynamics, electromagnetism, optics, and modern physics, with emphasis on understanding principles and solving related problems.","physics,optics,solid state physics"
Phy 1213 ,Physics,Slide,Slide on Physics,https://drive.google.com/drive/folders/1RxmEQlKoMaCsLkFVwvpi_qX9aXoCu9p6,"Focuses on fundamental physics concepts, including mechanics, thermodynamics, electromagnetism, optics, and modern physics, with emphasis on understanding principles and solving related problems.","physics,optics,solid state physics"
Phy 1214,Physics Sessional,Lab Manual,Physics Lab Manual,https://drive.google.com/drive/folders/1i4lLIN7KRYEhANHy-l6bvjZLxE93zjP5,"Focuses on the practical application of physics concepts through laboratory experiments, including measurement, observation, analysis, and interpretation of physical phenomena.","physics,optics,solid state physics"
CSE 2100,Software Development Project I,Video,Software Development tutorial,https://www.youtube.com/watch?v=1Yuv2X2rqCw&list=PLzHzHuEcLLzDh7koqhZJMrE879XzLAfo4,"Focuses on developing real-life software projects, including planning, designing, coding, testing, and deploying applications to solve practical problems.","software, app, project 1"
CSE 2101,Discrete Mathematics ,Book,Discrete Math Book,https://drive.google.com/drive/folders/13G9-ixWEmxW5GkoQSkOqfLqkAeK0khYr,"Focuses on programming through mathematical and logical concepts, emphasizing problem-solving, algorithm development, computational thinking, and applying mathematics to code efficiently.","discrete math, logic,dm"
CSE 2101,Discrete Mathematics ,Slide,Slide on Discrete Mathematics,https://drive.google.com/drive/folders/13G9-ixWEmxW5GkoQSkOqfLqkAeK0khYr,"Focuses on programming through mathematical and logical concepts, emphasizing problem-solving, algorithm development, computational thinking, and applying mathematics to code efficiently.","discrete math, logic,dm"
CSE 2101,Discrete Mathematics ,Video,Video tutorial on Discrete Mathematics,https://www.youtube.com/watch?v=0ROc15Q1bro&list=PLgH5QX0i9K3rYy9DVhk28m8enSo8xxiZ3,"Focuses on programming through mathematical and logical concepts, emphasizing problem-solving, algorithm development, computational thinking, and applying mathematics to code efficiently.","discrete math, logic,dm"
CSE 2102,Discrete Mathematics Sessional,Lab Manual,Discrete Math Lab Manual,https://drive.google.com/drive/folders/13m90sbcyh1ilp7tnjDghrRkBa98SklFL,"Focuses on applying programming through mathematics and logic in practical lab exercises, including algorithm implementation, problem-solving, and building programs that demonstrate mathematical and logical concepts.","discrete math, logic,dm.lab"
CSE 2103,Digital Logic Design,Book,Book on Digital Logic Design,https://drive.google.com/drive/folders/12FxS7J2YFv5ajH_cDgGpBbugZN6ZJ-r6,"Focuses on designing various digital devices, including logic circuits, combinational and sequential systems, and digital components for practical applications.","digital device, digital technique"
CSE 2103,Digital Logic Design,Slide,Digital Logic Design Slide,https://drive.google.com/drive/folders/12FxS7J2YFv5ajH_cDgGpBbugZN6ZJ-r6,"Focuses on designing various digital devices, including logic circuits, combinational and sequential systems, and digital components for practical applications.","digital device, digital technique"
CSE 2103,Digital Logic Design,Video,Digital Logic Design Video,https://www.youtube.com/watch?v=0Aglla_ICvU&list=PLxCzCOWd7aiGmXg4NoX6R31AsC5LeCPHe,"Focuses on designing various digital devices, including logic circuits, combinational and sequential systems, and digital components for practical applications.","digital device, digital technique,video"
CSE 2104,Digital Logic Design Sessional,Lab Manual,Digital Logic Design Lab Manual,https://drive.google.com/drive/folders/12FsUInDfy5A_p7cgQ-QtpPyHkNbW5Yda,Focuses on the practical application of digital logic design through hands-on laboratory experiments.,"digital device, digital tehnique lab"
EEE 2151,Electrical Drives and Instrumentation,Book,Machine Book,https://drive.google.com/drive/folders/12MdGZ0ippBHCKmc6wIwQNcuArooYJQtL,"Covers the fundamental concepts, working principles, types, and applications of AC and DC machines, including motors and generators.","Machine, AC, DC, motor, generator"
EEE 2151,Electrical Drives and Instrumentation,Slide,Slide on Machine Course,https://drive.google.com/drive/folders/12MdGZ0ippBHCKmc6wIwQNcuArooYJQtL,"Covers key concepts, principles, and applications of machines, including AC and DC machines, as presented in teacher-prepared course slides.","Machine, AC, DC, motor, generator"
EEE 2151,Electrical Drives and Instrumentation,Note,Note on Machine Course,https://drive.google.com/drive/folders/12MdGZ0ippBHCKmc6wIwQNcuArooYJQtL,"Comprehensive class notes covering all concepts related to machines, including AC and DC machines, their principles, types, and applications.","Machine, AC, DC, motor, genrator"
EEE 2152,Elecrical Drives and Instrumentation Sessional,Lab Manual,Lab Manual On machine course,https://drive.google.com/drive/folders/12MdGZ0ippBHCKmc6wIwQNcuArooYJQtL,"Focuses on the practical use and experimentation of motors, generators, and related electrical machines in the laboratory.","Machine, AC, DC, motor, genrator"
Math 2113,Vector Analysis and Linear Algebra,Book,Vecor Analysis and Linear Algebra Book,https://drive.google.com/drive/folders/15deIr0bFYozC5ERPkGs5nR0vL8fCZsJ6,"Covers the fundamental concepts of vectors and linear algebra, including vector operations, matrices, determinants, eigenvalues, eigenvectors, and their applications.","math, vector, linear algebra"
Math 2113,Vector Analysis and Linear Algebra,Slide,Vector Analysis and Linear Algebra Slide,https://drive.google.com/drive/folders/15deIr0bFYozC5ERPkGs5nR0vL8fCZsJ6,"Covers the fundamental concepts of vectors and linear algebra, including vector operations, matrices, determinants, eigenvalues, eigenvectors, and their applications.","math, vector, linear algebra"
Math 2113,Vector Analysis and Linear Algebra,Video,Vector Analysis and Linear Algebra tutorial Video,https://www.youtube.com/watch?v=1XlT3Y2oyAU&list=PLU6SqdYcYsfI7Ebw_j-Vy8YKHdbHKP9am,"Covers the fundamental concepts of vectors and linear algebra, including vector operations, matrices, determinants, eigenvalues, eigenvectors, and their applications.","math, vector, linear algebra"
Hum 2113,"Economics, Government and Sociology",Book,Economics Book,https://drive.google.com/drive/folders/1NGCFukfiFiUzCHZlI1pVsiCaPEIzACav,"Covers fundamental concepts of economics, including microeconomics, macroeconomics, supply and demand, market structures, and economic principles.",economics
Hum 2113,"Economics, Government and Sociology",Slide,Sociology Slide,https://drive.google.com/drive/folders/1a5zWpoHKsict-Fs2Cg2D4qXQDTpxmhIB,"Covers the basic concepts of sociology, including society, culture, social institutions, socialization, and human interactions.",sociology
Hum 2113,"Economics, Government and Sociology",Slide,Economics Slide,https://drive.google.com/drive/folders/1SP_g_pp7vGkI8IHUhpUHsbaWF5aK44BS,Covers key economics concepts and principles as presented in teacher-prepared slides.,economics
CSE 2200,Technical Wiritng and Presentation Sessional,Slide,Technical Report Writing materials,https://drive.google.com/drive/folders/1zzhdWXcIRuOxLKiA61c4P8uGfMOuzncK,"Focuses on technical report writing and presentation skills, including structuring reports, visual communication, and effective delivery of technical content.","report, presentation"
CSE 2201,Algorithm Analysis and Design,Book,Algorithm Book,https://drive.google.com/drive/folders/1fXvHDQjD-zV8tJlBuarLG7b4haNAbU8a,"Focuses on various programming algorithms, including their design, implementation, analysis, and problem-solving applications.","algorithm, programming"
CSE 2201,Algorithm Analysis and Design,Slide,Algorithm Slide,https://drive.google.com/drive/folders/1NfUTcBvLxbgpPd4TSf5kHgD5ErzCB83h,Covers basic algorithm concepts as presented in teacher-prepared slides.,"algorithm, programming"
CSE 2201,Algorithm Analysis and Design,Video,Algorithm Video,https://www.youtube.com/watch?v=-JTq1BFBwmo&list=PLDN4rrl48XKpZkf03iYFl-O29szjTrs_O,"Covers all fundamental and advanced algorithm concepts, as explained comprehensively in Abdul Bari’s tutorials.","algorithm, programming, video"
CSE 2202,Algorithm Analysis and Design Sessional,Lab Manual,Lab Materials of Algorithm,https://drive.google.com/drive/folders/1uaDDRBtTeKlmeu8UcprA8tvk-LMLs24M,Focuses on the practical implementation of different types of algorithms through sessional exercises and lab work.,"algorithm, prgramming,lab"
CSE 2203,Numerical Methods,Book,Numerical Methods Book,https://drive.google.com/drive/folders/1JoiV1MfNBFj78C7lVE-0kpL3Gdstph7k,"Covers various numerical methods and their analysis through programming, including implementation, accuracy assessment, and problem-solving applications.","numerical methods, numerical analysis"
CSE 2203,Numerical Methods,Video,Numerical Methods video tutorial,https://www.youtube.com/watch?v=-Lf0VZzKRw0&list=PLU6SqdYcYsfLrTna7UuaVfGZYkNo0cpVC&pp=0gcJCbAEOCosWNin,Focuses on implementing and analyzing various numerical methods through programming for solving mathematical and engineering problems.,"numerical methods, numerical analysis"
CSE 2203,Numerical Methods,Note,Note on Numerical Methods,https://drive.google.com/drive/folders/1-GNzQ7edip9TeFHUbnS9zErFhQ1RS8Nc,Focuses on implementing and analyzing various numerical methods through programming for solving mathematical and engineering problems.,"numerical methods, numerical analysis"
CSE 2204,Numerical Methods Sessional,Lab Manual,Lab Materials on Numerical Methods,https://drive.google.com/drive/folders/16T-AU47T8yYhFj-dWUyh5bDoAiME2KSw,Focuses on the application of numerical methods through programming to solve mathematical and engineering problems.,"numerical methods, numerical analysis"
CSE 2205,"Microprocessors, Microcontrollers and Assembly Language",Book,Book on Microprocessor,https://drive.google.com/drive/folders/1p-OVavHGuYsnyA5ZAQxvZeEHkCvzKtXe,"Covers the fundamentals of microprocessors and assembly language, including architecture, instruction sets, and basic programming concepts.","microprocessor,assembly,hardware"
CSE 2205,"Microprocessors, Microcontrollers and Assembly Language",Note,Class Note on Microprocessor,https://drive.google.com/drive/folders/1h0SOPYokBcIeV0iIOpSgiG70z6rrgr_h,"Covers the fundamentals of microprocessors and assembly language, including architecture, instruction sets, and basic programming concepts.","microprocessor,assembly,hardware"
CSE 2205,"Microprocessors, Microcontrollers and Assembly Language",Video,Video tutorial on Microprocessor,https://www.youtube.com/watch?v=_BpOV3G1-m0&list=PLAZj-jE2acZLdYT7HLFgNph190z2cjmAG&index=1,"Covers the fundamentals of microprocessors and assembly language, including architecture, instruction sets, and basic programming concepts.","microprocessor,assembly,hardware"
CSE 2206,"Microprocessors, Microcontrollers and Assembly Language Sessional",Lab Manual,Lab Materials on Microprocessor and Assembly language,https://drive.google.com/drive/folders/1ZLjdgyYSUmrBRRwMNDW0wkXRxfPFD1IC,Focuses on the practical implementation of assembly language programs through laboratory exercises.,"microprocessor,assembly,hardware"
Math 2213,"Complex Variable, Partial Differential Equation and Harmonic Analysis",Book,Complex variable Book,https://drive.google.com/drive/folders/1vJD173ZeJTR6kv9l9Cw_8Jx__oj8U1Qi,"Covers complex variable concepts from basic to advanced levels, including functions of a complex variable, analytic functions, complex integration, series, and applications.","complex, variable"
Math 2213,"Complex Variable, Partial Differential Equation and Harmonic Analysis",Book,PDE Book,https://drive.google.com/drive/folders/18gA1gwDTuiFGlRriGsbyjqyhIfkp-XvZ,"Covers partial differential equations (PDE) from basic to advanced levels, including formation, solution methods, and applications in engineering and science.","pde,laplace,fourier"
Math 2213,"Complex Variable, Partial Differential Equation and Harmonic Analysis",Note,Complex variable Note,https://drive.google.com/drive/folders/1OG2uoVZo_Ov56EpuPyUTBakDwc65Wvco,"Covers complex variable concepts from basic to advanced, including complex functions, analytic functions, contour integration, series expansions, and applications.","complex, variable, note"
Math 2213,"Complex Variable, Partial Differential Equation and Harmonic Analysis",Note,PDE Note,https://drive.google.com/drive/folders/131Wn1myIDvKBkh7Oue6o5T6dfixJ3i4D,"Covers partial differential equations from basic to advanced levels, including methods of solution, boundary value problems, and practical applications in science and engineering.","pde,laplace,fourier"
Hum 2213 ,Industrial Management and Accountancy,Slide,Accounting Slide,https://drive.google.com/drive/folders/10B9UK5LWYyYF4BeXOpYupyvkazBL4doI,"Focuses on practical, hands-on experience in accounting, including recording transactions, preparing financial statements, and analyzing accounts.","accounting, debit,credit"
Hum 2213 ,Industrial Management and Accountancy,Note,Note on Accounting,https://drive.google.com/drive/folders/17CXGnsfRQ9trBWLb59PkF_MeptTh2u8w,"Focuses on practical accounting skills, including recording transactions, preparing financial statements, and applying accounting principles in real-world scenarios.","accounting, debit,credit"
Hum 2213 ,Industrial Management and Accountancy,Video,video tutorial on accounting,https://www.youtube.com/watch?v=0IMFxZnXkqc&list=PLMW5djzR9cKM6uXFtWjdI0nAPcFj-xCjR,Provides accounting video tutorials that teach concepts along with useful keyboard shortcuts for efficient practice.,"accounting, debit,credit"
Hum 2213 ,Industrial Management and Accountancy,Slide,Slide on Management,https://drive.google.com/drive/folders/1HlkT2ruOlC1xcEnlpQkwD7DjgfpbyefX,Covers key management concepts clearly and concisely through teacher-prepared slides.,management
CSE 3100,Web Based Application Project,Video,Video tutorial on Website Project,https://www.youtube.com/watch?v=nu_pCVPKzTk&t=25351s,"Provides a complete one-shot web design tutorial covering HTML, CSS, and JavaScript for building functional and styled websites.","website,webapp,html,css,javascript"
CSE 3101,Database Systems,Book,Book on Database System,https://drive.google.com/drive/folders/1ms9bsN9s5Xu4t1NGpG-IJ6F0MH95g5IJ,"Covers database systems and SQL concepts, including database design, normalization, queries, and practical SQL programming.","database,sql,backend"
CSE 3101,Database Systems,Video,Video tutorial on Database,https://www.youtube.com/watch?v=eScmGBrUlmg&list=PLgrAmbRAezuhRWTyOKPxvoiyNQfPo6Iv3&index=1,"Covers database systems and SQL concepts, including database design, normalization, queries, and practical SQL programming.","database,sql,query"
CSE 3101,Database Systems,Note,Class Note on Database Systems,https://drive.google.com/drive/folders/19Bbn7ZGimTXfbvT7Eis-LsjyyWZ4yLaz,"Covers database systems and SQL concepts, including database design, normalization, queries, and practical SQL programming.","database,sql,query"
CSE 3102,Database Systems Sessional,Lab Manual,Lab Materials on Database Systems Sessional,https://drive.google.com/drive/folders/1ds_jgFdSMrrZiWGvK9d9qAnaJXbq3wIz,"Focuses on the practical implementation of database theory through laboratory exercises, including designing, querying, and managing databases using SQL.","database,sql,query"
CSE 3103,Theory of Computation,Book,Book on TOC,https://drive.google.com/drive/folders/1zcqK0HjKHKVwPCXJjL41mKxO0HlYBFRm,"Covers the concepts of the theory of computation, including automata theory, formal languages, Turing machines, and computational complexity.","toc,finite automata"
CSE 3103,Theory of Computation,Note,Note on TOC,https://drive.google.com/drive/folders/1T2qp8sqwKl6f8Mf-1YNcIL19fXSgXF4X,"Covers the concepts of the theory of computation, including automata theory, formal languages, Turing machines, and computational complexity.","toc,finite automata"
CSE 3103,Theory of Computation,Slide,Slide on TOC,https://drive.google.com/drive/folders/1MlxmpltWB32-75sCJNDnhWds4wpBZ_5j,"Covers the concepts of the theory of computation, including automata theory, formal languages, Turing machines, and computational complexity.","toc,finite automata"
CSE 3103,Theory of Computation,Video,Video on TOC,https://www.youtube.com/watch?v=XslI8h7cGDs&list=PLxCzCOWd7aiFM9Lj5G9G_76adtyb4ef7i&index=1,"Covers the concepts of the theory of computation, including automata theory, formal languages, Turing machines, and computational complexity.","toc,finite automata video"
CSE 3105,Computer Interfacing and Embedded Systems,Book,Book on CIES,https://drive.google.com/drive/folders/1v3YJkFrsQ97htFy9jky-lE3LwAQJ0DXw,"Covers the concepts of computer interfacing and embedded systems, including microcontroller architecture, peripheral interfacing, programming, and real-time applications.","book, cies, embedded"
CSE 3105,Computer Interfacing and Embedded Systems,Note,Note on CIES,https://drive.google.com/drive/folders/1QEMOEFsRyejCv_0yGUrdXmmt9HtDcoWp,"Covers the concepts of computer interfacing and embedded systems, including microcontroller architecture, peripheral interfacing, programming, and real-time applications.","note of cies, embedded"
CSE 3105,Computer Interfacing and Embedded Systems,Slide,Slide on CIES,https://drive.google.com/drive/folders/1NqMPdtoDcPoLzjKjgI8rOwK7wngdv2R1,Covers key concepts of computer interfacing and embedded systems as presented in teacher-prepared slides.,"slide of cies, slide of computer interfacing and embedded sytem"
CSE 3106,Computer Interfacing and Embedded Systems Sessional,Lab Manual,Lab Materials on CIES,https://drive.google.com/drive/folders/1447MXBp9nrJ0En77v0VeZqJ2IsIS9LuU,Focuses on the practical application of computer interfacing and embedded systems (CIES) through laboratory experiments and hands-on projects.,"arduino,stm32,hardware"
CSE 3107,Computer Architecture,Book,Computer Architecture Book,https://drive.google.com/drive/folders/1DY2o6_IdNfuJeRSORD_juzMikSXBmE1R,"Covers the theoretical concepts of computer architecture and design, including CPU organization, memory hierarchy, instruction sets, and system performance.","ca, computer architecture"
CSE 3107,Computer Architecture,Note,Class Note on Computer Architecture,https://drive.google.com/drive/folders/1_y3sasBH4wrkFtSrLDD9FIuCeP5D60ki,"Comprehensive class notes covering computer architecture concepts, including CPU design, memory systems, instruction sets, and performance analysis.","ca, computer architecture class note"
CSE 3107,Computer Architecture,Slide,Slide on Computer Architecture,https://drive.google.com/drive/folders/1raTFgZphP_2jz14vSDH4COp66p7DWhrU,Covers key computer architecture concepts clearly through teacher-provided slides for concept clarification.,"ca,computer architecture slide"
CSE 3107,Computer Architecture,Video,Video on Computer Architecture,https://www.youtube.com/watch?v=Ol8D69VKX2k&list=PLBlnK6fEyqRgLLlzdgiTUKULKJPYc0A4q&index=1,Provides teacher-prepared video lessons on computer architecture to help clarify and reinforce key concepts.,"ca,computer architecture video"
CSE 3108,Computer Architecture Sessional,Lab Manual,Lab Materials on Computer Architecture,https://drive.google.com/drive/folders/1d9s0MRqIKlojicZwkVjDnBjz1IyUcKRX,Focuses on the practical implementation of computer architecture concepts through laboratory exercises and hands-on experiments.,"ca,computer architecture lab"
CSE 3109 ,Applied Statistics and Queueing Theory,Book,Book on Applied Statistics,https://drive.google.com/drive/folders/1B2PvrrUCN05qT52ROeX77vASXXiFcGj9,"Covers fundamental concepts of applied statistics and queuing theory, including probability, statistical analysis, distributions, and modeling of queueing systems.","statistics, queueing theory"
CSE 3109 ,Applied Statistics and Queueing Theory,Note,Note on Applied Statistics,https://drive.google.com/drive/folders/1qPUwWbQKzEy97LEPPFdIuKIAyebG380J,"Covers fundamental concepts of applied statistics and queuing theory, including probability, statistical analysis, distributions, and modeling of queueing systems.","statistics,queueing theory class note"
CSE 3109 ,Applied Statistics and Queueing Theory,Slide ,Slide on Applied Statistics,https://drive.google.com/drive/folders/1Jr4SC7aiNdlZUcEWzpMdspZk9DEnJRS4,"Covers fundamental concepts of applied statistics and queuing theory, including probability, statistical analysis, distributions, and modeling of queueing systems.",statistics slide
CSE 3200,Software Development Project II,Video,Video tutorial on software project 2,https://www.youtube.com/watch?v=ZftI2fEz0Fw&list=PLKnIA16_Rmvbr7zKYQuBfsVkjoLcJgxHH,video tutorial on a Machine learning so that student can make ML based project with previous software project 1 knowledge,"software,project 2"
CSE 3201,Operating Systems,Book,Operating systems Book,https://drive.google.com/drive/folders/1K8RFQ2ZpPAn0jXMQlbkhvGbfzFcnrKoy,"Covers fundamental concepts of operating systems, including process management, memory management, file systems, and system architecture.","os,operating sytem book"
CSE 3201,Operating Systems,Note,Class Note on Operating system,https://drive.google.com/drive/folders/1NJMhPjcV-oFOTLKNCvUmkGfZVVSHT7xE,"Comprehensive class notes covering operating system concepts as explained by the teacher, including processes, memory, file management, and system operations.","os,operating sytem class note"
CSE 3201,Operating Systems,Slide,Slide on Operating System,https://drive.google.com/drive/folders/1DaldLOmRxvblq60hn8Ln8maRTR5YgqD5,Covers key operating system concepts clearly through teacher-provided slides.,"os,operating sytem slide"
CSE 3201,Operating Systems ,Video,Video tutorial on Operating System,https://www.youtube.com/watch?v=bkSWJJZNgf8&list=PLxCzCOWd7aiGz9donHRrE9I3Mwn6XdP8p&index=1,Provides video tutorials on operating systems to help clarify and reinforce key concepts.,"os,operating sytem video tutorial"
CSE 3202,Operating Systems Sessional,Lab Manual,Lab Materials on Operating System,https://drive.google.com/drive/folders/1WEGyymiOh0eRc9C0awwMaem5GEbVy2pi,Focuses on the practical application of operating system concepts through laboratory exercises and hands-on experiments.,"os,operating system lab"
CSE 3203,Data Communication,Book,Data Communication Book,https://drive.google.com/drive/folders/1efPyHhb3j7XebBmhPA4i7VRwySqYzXyK,"Covers fundamental concepts of data communication, including transmission methods, protocols, network models, and signal processing.","dc,data communication book"
CSE 3203,Data Communication,Note,Data communication class note,https://drive.google.com/drive/folders/1ar1mJk0gG27lbCA6wRtD5JnoKG8Px2_d,"Comprehensive class notes covering data communication concepts as explained in the teacher’s lectures, including protocols, network models, and transmission techniques.","dc,data communication class note"
CSE 3203,Data Communication,Slide,Slide on Data Communication,https://drive.google.com/drive/folders/1MMekl-ZsctKPrs-34E1bCv5TEbNvU801,Covers key data communication concepts clearly through teacher-provided slides.,"dc, data comunication slide"
CSE 3204,Data Communication Sessional,Lab Manual,Lab Materials on Data Communication,https://drive.google.com/drive/folders/1kkNDXBr-YZCKwwkkIBhUi7rXSQvWjU_6,"Focuses on practical exercises in data communication, including configuring networks, analyzing signals, and implementing communication protocols in the laboratory.","dc, data comunication lab"
CSE 3205,Software Engineering,Book,Book on Software Engineering,https://drive.google.com/drive/folders/1bge54yVLAqTQxgf4mxJ-d-GN06dQA7fm,"Covers fundamental concepts of software engineering, including software development life cycle, design principles, methodologies, and project management.","swe,software engineering book"
CSE 3205,Software Engineering,Slide,Slide on Software Engineering ,https://drive.google.com/drive/folders/1huvCY1ky56LxjE5lzeiDHwGSgfGWY1aV,Covers key software engineering concepts clearly through teacher-provided slides.,"swe,software engineering slide"
CSE 3205,Software Engineering,Note,Class Note on Software Engineering,https://drive.google.com/drive/folders/1mlHLyNSGaauSViypc8gZYxBKwYLtK3DX,Comprehensive class notes covering topics explained and clarified by the teacher.,"swe,software engineering note"
CSE 3205,Software Engineering ,Video,video tutorial on software engineering,https://www.youtube.com/watch?v=uJpQlyT_CK4&list=PLxCzCOWd7aiEed7SKZBnC6ypFDWYLRvB2&index=1,"Provides video tutorials on software engineering to deepen understanding of concepts, methodologies, and practical applications.","swe,software engineering video"
CSE 3206,Software Engineering Sessional,Lab Manual,Lab Materials Software Engineering,https://drive.google.com/drive/folders/10qdjgAb34O-J9mCm_0hirI5lik9pJdjC,Focuses on the practical implementation of concepts through hands-on exercises and real-world applications.,"swe,software engineering lab"
CSE 3207,Artificial Intelligence,Book,Boooks on Artificial Intelligence,https://drive.google.com/drive/folders/1wlPG6JcsX-s8GL-LvSLjTLwXLcSE58ex,"Covers fundamental and advanced concepts of artificial intelligence, including search algorithms, machine learning, reasoning, knowledge representation, and AI applications.","ai, artificial intelligence book"
CSE 3207,Artificial Intelligence,Slide,Slide on Aritificial Intelligence,https://drive.google.com/drive/folders/1kEFhmSgjy4S7H1wqaUF9DR5gGY8QwCWQ,Covers key artificial intelligence concepts clearly through teacher-provided slides.,"ai, artifiial intelligence slides"
CSE 3207,Artificial Intelligence,Note,Class note on artificial intelligence,https://drive.google.com/drive/folders/16IkP7BdRNz8wo8U15FiKW12SuoZmVJlZ,Comprehensive class notes covering all artificial intelligence topics explained by the teacher in class.,"ai, artificial intelligence class note"
CSE 3207,Artificial Intelligence,Video,video playlist of artifical intelligence,https://www.youtube.com/watch?v=uB3i-qV6VdM&list=PLxCzCOWd7aiHGhOHV-nwb0HR5US5GFKFI&index=1,"Provides YouTube video tutorials on artificial intelligence to enhance understanding of concepts, techniques, and practical applications.","ai, artificial intelligence video"
CSE 3208,Artificial Intelligence Sessional,Lab Manual,Lab Materials of Artificial Intelligence,https://drive.google.com/drive/folders/1zcivzRL5NnuPLE1N-MoEm2Bz5nBn53z5,Focuses on the practical implementation of various artificial intelligence algorithms through laboratory exercises and hands-on projects.,"ai, artificial intelligence lab"
CSE 3209,Digital Signal Processing,Book,Books on Digital Signal Processing,https://drive.google.com/drive/folders/1UOhKJj1W239YtlJbIvEjv7WnXajWWd_3,"Covers fundamental and advanced concepts of digital signal processing (DSP), including discrete-time signals, systems, Fourier analysis, filtering, and DSP applications.","dsp, digital signal processing book"
CSE 3209,Digital Signal Processing,Note,Class note on Digital Signal Processing,https://drive.google.com/drive/folders/1Egrb6kSgi56nOBP1gcERoWQwPQ1sxL3V,Comprehensive class notes covering digital signal processing concepts as explained in the teacher’s lectures.,"dsp, digital signal processing note"
CSE 3209,Digital Signal Processing,Video,Video tutorial on Digital Signal processing,https://www.youtube.com/watch?v=EzBNf7-BuPc&list=PL0s3O6GgLL5fE_5tWc4YaHKmsXBkhoLYv&index=1,"Provides YouTube video tutorials on digital signal processing to enhance understanding of concepts, techniques, and practical applications.","dsp, digital signal processing video tutorial"
CSE 3210 ,Digital Signal Processing Sessional,Lab Manual,Lab Materials on Digital Signal Processing,https://drive.google.com/drive/folders/1EKP_2Wxge828jqefiIwPePForjvzidTg,Focuses on the practical implementation of theoretical concepts through laboratory exercises and hands-on experiments.,"dsp, digital signal processing lab"
CSE 4101,Compiler Design,Book,Book on Compiler Design,https://drive.google.com/drive/folders/14sQHbWyVukn4di7C8ZOfzoHP3B0a_62N,"Covers fundamental concepts of compiler design, including lexical analysis, syntax analysis, semantic analysis, code generation, and optimization techniques.",compiler design book
CSE 4101,Compiler Design,Note,Class note on compiler design,https://drive.google.com/drive/folders/1CcfLhk2I7142EU3O2FKDrMwKkykyKPvi,Comprehensive class notes covering compiler design concepts as explained in the teacher’s lectures.,compiler design note
CSE 4101,Compiler Design,Slide,Slide on compiler design,https://drive.google.com/drive/folders/1K7d4BsQVONJJoJL7uMJo31TwmkC5Krp7,Covers key compiler design concepts clearly through teacher-provided slides.,compiler design slide
CSE 4101,Compiler Design,video ,video tutorial compiler design,https://www.youtube.com/watch?v=XnyZ5wy9HQI&list=PLncy2sD7w4Yo_d-l9V7Uq1Xydt-rqikvT&index=1,"Provides YouTube video tutorials on compiler design to enhance understanding of concepts, techniques, and practical implementation.",compiler design video
CSE 4102,Compiler Design Sessional,Lab Manual,Lab materials on compiler design,https://drive.google.com/drive/folders/19JebVtpVbOlOJf5trLefUKV5Orwupy6S,"Focuses on laboratory exercises to practically implement and understand compiler design concepts, including lexical analysis, parsing, and code generation.",compiler design lab
CSE 4103,Computer Networks,Book,Book on Computer Network,https://drive.google.com/drive/folders/1c8CTFISJuOMNdQEZRgi_v9T9FKGm127q,"Covers fundamental and advanced concepts of computer networks, including network models, protocols, routing, switching, and network security.","network, computer network theory"
CSE 4103,Computer Networks,Slide,Slide on computer network,https://drive.google.com/drive/folders/1BxU_AxH9G2eVYrIU-xu0WJEpBB6cysWC,Covers key computer network concepts clearly through teacher-provided slides.,"network,computer network slide"
CSE 4103,Computer Networks,Video,Video tutorial on computer network,https://www.youtube.com/watch?v=JFF2vJaN0Cw&list=PLxCzCOWd7aiGFBD2-2joCpWOLUrDLvVV_&index=1,"Provides video tutorials on computer networks to enhance understanding of concepts, protocols, and practical applications.","network,computer network video tutorial"
CSE 4104,Computer Networks Sessional,Lab Manual,Computer Network lab material,https://drive.google.com/drive/folders/1U54Uf3B8Xvp-n3xFPYpJdrlZPLl-nZmk,"Focuses on laboratory exercises to practically implement and understand computer network concepts, including configuration, protocol testing, and network troubleshooting.","network, computer network lab"
CSE 4105,Digital Image Processing,Book,Book on Digital Image Processing,https://drive.google.com/drive/folders/1yeT4zRNXjWJvhSDA0gnoREpRz68HvoAb,Covers comprehensive theoretical concepts to provide a deeper understanding of the subject matter.,"dip, digital image processing book"
CSE 4105,Digital Image Processing,Slide,Slide on Digital Image Processing,https://drive.google.com/drive/folders/1syLttlBY9hJc5HD50HkhCXa01KwBQ-KB,Covers key digital image processing concepts clearly through teacher-provided slides.,"dip,digital image processing slide"
CSE 4105,Digital Image Processing,Note,Class note on Digital Image Processing,https://drive.google.com/drive/folders/1BL07pxFxn-sE25VEgtIeamaH3PYtXboP,Comprehensive class notes covering digital image processing concepts as explained in the teacher’s lectures.,"dip, digital image processing note"
CSE 4105,Digital Image Processing,Video,video tutorial on digital image processing,https://www.youtube.com/watch?v=2oEt5lbsyhM&list=PLbwfaPBgAKFEPBg-OFzmjFWmRKKrYigLi,"Provides YouTube video tutorials on digital image processing to enhance understanding of concepts, techniques, and applications.","dip, digital image processing video"
CSE 4106,Digital Image Processing Sessional,Lab Manual,Lab Materials of Digital Image Processing,https://drive.google.com/drive/folders/1ZdzkQYxHAXcpTwc4LHb1_XuyRBqHrWXB,"Focuses on laboratory exercises to practically implement and understand digital image processing concepts, including image enhancement, filtering, and analysis.","dip, digital image processing lab"
CSE 4201,Computer Graphics,Book,Book on Computer Graphics,https://drive.google.com/drive/folders/1RhK7TpyJe5Vsl0OV60MPET7sgtHIRvg7,"Covers fundamental and advanced concepts of computer graphics, including 2D and 3D graphics, rendering, modeling, transformations, and visualization techniques.","computer graphics,book"
CSE 4201,Computer Graphics,Note,Note on Computer Graphics,https://drive.google.com/drive/folders/1smCMMdspomnIO9uI7T8OYpBeTJn8w-Qd,"Comprehensive class notes covering computer graphics concepts as explained in the teacher’s lectures, including modeling, rendering, and transformations.","computer graphics, class note"
CSE 4201,Computer Graphics,Slide,Slide on Computer Graphics,https://drive.google.com/drive/folders/1isPCqzRlEvk_AgXip8wQ6jBFP6VvcRXm,Covers key computer graphics concepts clearly through teacher-provided slides.,"computer graphics, slide"
CSE 4201,Computer Graphics,Video,Video tutorial on Computer Graphics,https://www.youtube.com/watch?v=-ZXea_IpV9I&list=PLncy2sD7w4YpWn8jM9Sk6ISOsCZ7oLn9r,"Provides video tutorials on computer graphics to enhance understanding of concepts, techniques, and practical applications.","computer graphics, video tutorial"
CSE 4202,Computer Graphics Sessional,Lab Manual,Lab Materials on Computer Graphics,https://drive.google.com/drive/folders/1DnJkzjNFJiTRrhYIolvvldbnEeJdSGpc,"Focuses on laboratory exercises to practically implement and understand computer graphics concepts, including drawing, modeling, and rendering techniques.","computer graphics, lab"
CSE 4203,Machine Learning,Video,Video on Machine Learning,https://www.youtube.com/watch?v=ZftI2fEz0Fw&list=PLKnIA16_Rmvbr7zKYQuBfsVkjoLcJgxHH,"Provides video tutorials on machine learning to enhance understanding of algorithms, concepts, and practical project implementation.","Machine Learning, video"
CSE 4204,Machine Learning Sessional,Lab Manual,Lab Materials on Machine Learning,Not available,Provides lab materials on ML,"ML, Lab"
CSE 4205,Security and Privacy,Book,Book on Security and Privacy,https://drive.google.com/drive/folders/1epOc0W63bjC2j8dgb8Gjf7rfUHW1x18b,"Covers fundamental and advanced concepts of security and privacy, including cryptography, data protection, network security, and privacy-preserving techniques.","security, privacy, book"
CSE 4205,Security and Privacy,Note,Note on Security and Privacy,https://drive.google.com/drive/folders/1sOBIRSdXcvlEg3AbCPDfsvPuYsz0OFkU,"Comprehensive class notes covering security and privacy concepts as explained in the teacher’s lectures, including data protection, encryption, and cybersecurity principles.","security,privacy,note"
CSE 4205,Security and Privacy,Slide,Slide on security and privacy,https://drive.google.com/drive/folders/1cLFinVYyx4jB3j6hDcSN8cccvyiKIirl,Covers key computer graphics concepts clearly through teacher-provided slides.,"security and privacy,slide"
CSE 4205,Security and Privacy,Video,Video tutorial on Security and Privacy,https://www.youtube.com/watch?v=CrLRFn5O_F8&list=PLYwpaL_SFmcArHtWmbs_vXX6soTK3WEJw&index=1,"Provides video tutorials on security and privacy to enhance understanding of concepts, techniques, and practical applications.","security,privacy,video"
CSE 4206,Security and Privacy Sessional,Lab Manual,Lab Materials on Security and Privacy,Not available,Provides security and privacy knowledge implementation on lab,"security,privacy,lab"
CSE 4100,Thesis I,Thesis,Thesis,Not available,"Focuses on a comprehensive research project or thesis, including problem definition, literature review, methodology, implementation, analysis, and conclusion.",thesis
CSE 4200,Thesis II,Thesis II,Thesis II,Not available,"Focuses on advanced research work in Thesis II, including project development, experimentation, analysis, and documentation of findings.",thesis
